4,http://www.theyworkforyou.com/mp/?m=1090
6,http://www.theyworkforyou.com/mp/?m=970
18,http://www.theyworkforyou.com/mp/?m=1093
43,http://www.theyworkforyou.com/mp/?m=1188
50,http://www.theyworkforyou.com/mp/?m=1229
55,http://www.theyworkforyou.com/mp/?m=1224
56,http://www.theyworkforyou.com/mp/?m=1286
80,http://www.theyworkforyou.com/mp/?m=1152
96,http://www.theyworkforyou.com/mp/?m=862
101,http://www.theyworkforyou.com/mp/?m=968
116,http://www.theyworkforyou.com/mp/?m=971
130,http://www.theyworkforyou.com/mp/?m=743
132,http://www.theyworkforyou.com/mp/?m=1037
133,http://www.theyworkforyou.com/mp/?m=721
312,http://www.theyworkforyou.com/mp/?m=714
409,http://www.theyworkforyou.com/mp/?m=1283
500,http://www.theyworkforyou.com/mp/?m=1080
165,http://www.theyworkforyou.com/mp/?m=735
177,http://www.theyworkforyou.com/mp/?m=1039
179,http://www.theyworkforyou.com/mp/?m=808
183,http://www.theyworkforyou.com/mp/?m=846
197,http://www.theyworkforyou.com/mp/?m=906
217,http://www.theyworkforyou.com/mp/?m=1043
237,http://www.theyworkforyou.com/mp/?m=1213
251,http://www.theyworkforyou.com/mp/?m=1300
252,http://www.theyworkforyou.com/mp/?m=1361
253,http://www.theyworkforyou.com/mp/?m=960
327,http://www.theyworkforyou.com/mp/?m=1271
262,http://www.theyworkforyou.com/mp/?m=1110
268,http://www.theyworkforyou.com/mp/?m=1184
269,http://www.theyworkforyou.com/mp/?m=1268
282,http://www.theyworkforyou.com/mp/?m=1108
299,http://www.theyworkforyou.com/mp/?m=1109
330,http://www.theyworkforyou.com/mp/?m=1010
331,http://www.theyworkforyou.com/mp/?m=804
335,http://www.theyworkforyou.com/mp/?m=957
336,http://www.theyworkforyou.com/mp/?m=695
337,http://www.theyworkforyou.com/mp/?m=1226
378,http://www.theyworkforyou.com/mp/?m=802
379,http://www.theyworkforyou.com/mp/?m=867
399,http://www.theyworkforyou.com/mp/?m=1282
404,http://www.theyworkforyou.com/mp/?m=967
413,http://www.theyworkforyou.com/mp/?m=946
493,http://www.theyworkforyou.com/mp/?m=1255
16,http://www.theyworkforyou.com/mp/?m=1231
24,http://www.theyworkforyou.com/mp/?m=933
285,http://www.theyworkforyou.com/mp/?m=1365
310,http://www.theyworkforyou.com/mp/?m=770
421,http://www.theyworkforyou.com/mp/?m=1216
30,http://www.theyworkforyou.com/mp/?m=715
63,http://www.theyworkforyou.com/mp/?m=986
68,http://www.theyworkforyou.com/mp/?m=1157
79,http://www.theyworkforyou.com/mp/?m=1197
86,http://www.theyworkforyou.com/mp/?m=1204
89,http://www.theyworkforyou.com/mp/?m=779
311,http://www.theyworkforyou.com/mp/?m=1124
324,http://www.theyworkforyou.com/mp/?m=1105
408,http://www.theyworkforyou.com/mp/?m=1034
411,http://www.theyworkforyou.com/mp/?m=1150
94,http://www.theyworkforyou.com/mp/?m=1245
499,http://www.theyworkforyou.com/mp/?m=767
112,http://www.theyworkforyou.com/mp/?m=1205
163,http://www.theyworkforyou.com/mp/?m=1030
316,http://www.theyworkforyou.com/mp/?m=996
186,http://www.theyworkforyou.com/mp/?m=1339
198,http://www.theyworkforyou.com/mp/?m=1179
203,http://www.theyworkforyou.com/mp/?m=953
208,http://www.theyworkforyou.com/mp/?m=1085
213,http://www.theyworkforyou.com/mp/?m=1172
314,http://www.theyworkforyou.com/mp/?m=948
423,http://www.theyworkforyou.com/mp/?m=1149
214,http://www.theyworkforyou.com/mp/?m=797
218,http://www.theyworkforyou.com/mp/?m=1050
226,http://www.theyworkforyou.com/mp/?m=854
230,http://www.theyworkforyou.com/mp/?m=1346
271,http://www.theyworkforyou.com/mp/?m=972
272,http://www.theyworkforyou.com/mp/?m=1120
277,http://www.theyworkforyou.com/mp/?m=1315
287,http://www.theyworkforyou.com/mp/?m=1227
328,http://www.theyworkforyou.com/mp/?m=726
317,http://www.theyworkforyou.com/mp/?m=1032
424,http://www.theyworkforyou.com/mp/?m=1219
414,http://www.theyworkforyou.com/mp/?m=707
333,http://www.theyworkforyou.com/mp/?m=911
334,http://www.theyworkforyou.com/mp/?m=801
347,http://www.theyworkforyou.com/mp/?m=798
358,http://www.theyworkforyou.com/mp/?m=901
369,http://www.theyworkforyou.com/mp/?m=1276
381,http://www.theyworkforyou.com/mp/?m=943
428,http://www.theyworkforyou.com/mp/?m=696
382,http://www.theyworkforyou.com/mp/?m=1161
434,http://www.theyworkforyou.com/mp/?m=892
95,http://www.theyworkforyou.com/mp/?m=1054
447,http://www.theyworkforyou.com/mp/?m=929
418,http://www.theyworkforyou.com/mp/?m=1343
504,http://www.theyworkforyou.com/mp/?m=1246
460,http://www.theyworkforyou.com/mp/?m=1078
489,http://www.theyworkforyou.com/mp/?m=1305
490,http://www.theyworkforyou.com/mp/?m=738
495,http://www.theyworkforyou.com/mp/?m=1000
11,http://www.theyworkforyou.com/mp/?m=965
21,http://www.theyworkforyou.com/mp/?m=1051
23,http://www.theyworkforyou.com/mp/?m=1031
26,http://www.theyworkforyou.com/mp/?m=1023
29,http://www.theyworkforyou.com/mp/?m=720
64,http://www.theyworkforyou.com/mp/?m=1350
65,http://www.theyworkforyou.com/mp/?m=905
66,http://www.theyworkforyou.com/mp/?m=741
67,http://www.theyworkforyou.com/mp/?m=1012
77,http://www.theyworkforyou.com/mp/?m=893
88,http://www.theyworkforyou.com/mp/?m=939
93,http://www.theyworkforyou.com/mp/?m=750
103,http://www.theyworkforyou.com/mp/?m=869
104,http://www.theyworkforyou.com/mp/?m=792
124,http://www.theyworkforyou.com/mp/?m=845
125,http://www.theyworkforyou.com/mp/?m=1316
126,http://www.theyworkforyou.com/mp/?m=1147
127,http://www.theyworkforyou.com/mp/?m=828
142,http://www.theyworkforyou.com/mp/?m=1007
143,http://www.theyworkforyou.com/mp/?m=1240
144,http://www.theyworkforyou.com/mp/?m=1165
145,http://www.theyworkforyou.com/mp/?m=1019
148,http://www.theyworkforyou.com/mp/?m=1281
157,http://www.theyworkforyou.com/mp/?m=1056
160,http://www.theyworkforyou.com/mp/?m=874
161,http://www.theyworkforyou.com/mp/?m=1207
162,http://www.theyworkforyou.com/mp/?m=1296
166,http://www.theyworkforyou.com/mp/?m=706
172,http://www.theyworkforyou.com/mp/?m=1011
173,http://www.theyworkforyou.com/mp/?m=1302
187,http://www.theyworkforyou.com/mp/?m=1182
189,http://www.theyworkforyou.com/mp/?m=687
190,http://www.theyworkforyou.com/mp/?m=1215
195,http://www.theyworkforyou.com/mp/?m=811
196,http://www.theyworkforyou.com/mp/?m=992
200,http://www.theyworkforyou.com/mp/?m=1082
201,http://www.theyworkforyou.com/mp/?m=1278
206,http://www.theyworkforyou.com/mp/?m=1067
210,http://www.theyworkforyou.com/mp/?m=853
219,http://www.theyworkforyou.com/mp/?m=856
220,http://www.theyworkforyou.com/mp/?m=830
221,http://www.theyworkforyou.com/mp/?m=1196
228,http://www.theyworkforyou.com/mp/?m=1155
229,http://www.theyworkforyou.com/mp/?m=904
232,http://www.theyworkforyou.com/mp/?m=819
233,http://www.theyworkforyou.com/mp/?m=1232
236,http://www.theyworkforyou.com/mp/?m=1164
238,http://www.theyworkforyou.com/mp/?m=840
257,http://www.theyworkforyou.com/mp/?m=1203
258,http://www.theyworkforyou.com/mp/?m=1167
259,http://www.theyworkforyou.com/mp/?m=864
260,http://www.theyworkforyou.com/mp/?m=810
107,http://www.theyworkforyou.com/mp/?m=884
293,http://www.theyworkforyou.com/mp/?m=1065
339,http://www.theyworkforyou.com/mp/?m=815
342,http://www.theyworkforyou.com/mp/?m=973
352,http://www.theyworkforyou.com/mp/?m=886
357,http://www.theyworkforyou.com/mp/?m=813
363,http://www.theyworkforyou.com/mp/?m=762
367,http://www.theyworkforyou.com/mp/?m=1284
370,http://www.theyworkforyou.com/mp/?m=1199
376,http://www.theyworkforyou.com/mp/?m=1319
319,http://www.theyworkforyou.com/mp/?m=982
444,http://www.theyworkforyou.com/mp/?m=962
451,http://www.theyworkforyou.com/mp/?m=769
463,http://www.theyworkforyou.com/mp/?m=824
467,http://www.theyworkforyou.com/mp/?m=1033
470,http://www.theyworkforyou.com/mp/?m=773
473,http://www.theyworkforyou.com/mp/?m=1308
474,http://www.theyworkforyou.com/mp/?m=1180
476,http://www.theyworkforyou.com/mp/?m=966
481,http://www.theyworkforyou.com/mp/?m=909
502,http://www.theyworkforyou.com/mp/?m=712
510,http://www.theyworkforyou.com/mp/?m=786
25,http://www.theyworkforyou.com/mp/?m=724
42,http://www.theyworkforyou.com/mp/?m=894
47,http://www.theyworkforyou.com/mp/?m=1086
48,http://www.theyworkforyou.com/mp/?m=782
109,http://www.theyworkforyou.com/mp/?m=1251
128,http://www.theyworkforyou.com/mp/?m=1112
325,http://www.theyworkforyou.com/mp/?m=701
309,http://www.theyworkforyou.com/mp/?m=1003
146,http://www.theyworkforyou.com/mp/?m=831
178,http://www.theyworkforyou.com/mp/?m=1177
202,http://www.theyworkforyou.com/mp/?m=1362
215,http://www.theyworkforyou.com/mp/?m=705
223,http://www.theyworkforyou.com/mp/?m=1015
234,http://www.theyworkforyou.com/mp/?m=956
291,http://www.theyworkforyou.com/mp/?m=1028
290,http://www.theyworkforyou.com/mp/?m=725
301,http://www.theyworkforyou.com/mp/?m=823
302,http://www.theyworkforyou.com/mp/?m=756
303,http://www.theyworkforyou.com/mp/?m=952
361,http://www.theyworkforyou.com/mp/?m=709
390,http://www.theyworkforyou.com/mp/?m=736
416,http://www.theyworkforyou.com/mp/?m=1113
436,http://www.theyworkforyou.com/mp/?m=816
437,http://www.theyworkforyou.com/mp/?m=1270
448,http://www.theyworkforyou.com/mp/?m=877
449,http://www.theyworkforyou.com/mp/?m=1127
471,http://www.theyworkforyou.com/mp/?m=805
472,http://www.theyworkforyou.com/mp/?m=778
322,http://www.theyworkforyou.com/mp/?m=772
482,http://www.theyworkforyou.com/mp/?m=1129
3,http://www.theyworkforyou.com/mp/?m=749
8,http://www.theyworkforyou.com/mp/?m=961
15,http://www.theyworkforyou.com/mp/?m=987
31,http://www.theyworkforyou.com/mp/?m=883
44,http://www.theyworkforyou.com/mp/?m=1258
45,http://www.theyworkforyou.com/mp/?m=983
46,http://www.theyworkforyou.com/mp/?m=1096
51,http://www.theyworkforyou.com/mp/?m=827
52,http://www.theyworkforyou.com/mp/?m=988
53,http://www.theyworkforyou.com/mp/?m=1014
54,http://www.theyworkforyou.com/mp/?m=729
82,http://www.theyworkforyou.com/mp/?m=1159
84,http://www.theyworkforyou.com/mp/?m=793
85,http://www.theyworkforyou.com/mp/?m=1044
92,http://www.theyworkforyou.com/mp/?m=1102
98,http://www.theyworkforyou.com/mp/?m=776
105,http://www.theyworkforyou.com/mp/?m=979
108,http://www.theyworkforyou.com/mp/?m=1206
114,http://www.theyworkforyou.com/mp/?m=1359
115,http://www.theyworkforyou.com/mp/?m=832
122,http://www.theyworkforyou.com/mp/?m=870
123,http://www.theyworkforyou.com/mp/?m=836
131,http://www.theyworkforyou.com/mp/?m=728
155,http://www.theyworkforyou.com/mp/?m=1254
156,http://www.theyworkforyou.com/mp/?m=1139
158,http://www.theyworkforyou.com/mp/?m=1114
176,http://www.theyworkforyou.com/mp/?m=991
194,http://www.theyworkforyou.com/mp/?m=1295
207,http://www.theyworkforyou.com/mp/?m=1262
216,http://www.theyworkforyou.com/mp/?m=855
227,http://www.theyworkforyou.com/mp/?m=1163
243,http://www.theyworkforyou.com/mp/?m=976
244,http://www.theyworkforyou.com/mp/?m=1140
503,http://www.theyworkforyou.com/mp/?m=1158
245,http://www.theyworkforyou.com/mp/?m=849
254,http://www.theyworkforyou.com/mp/?m=766
263,http://www.theyworkforyou.com/mp/?m=872
264,http://www.theyworkforyou.com/mp/?m=875
265,http://www.theyworkforyou.com/mp/?m=1021
266,http://www.theyworkforyou.com/mp/?m=1017
267,http://www.theyworkforyou.com/mp/?m=1306
273,http://www.theyworkforyou.com/mp/?m=1331
276,http://www.theyworkforyou.com/mp/?m=1064
278,http://www.theyworkforyou.com/mp/?m=1260
279,http://www.theyworkforyou.com/mp/?m=1052
280,http://www.theyworkforyou.com/mp/?m=1009
281,http://www.theyworkforyou.com/mp/?m=746
295,http://www.theyworkforyou.com/mp/?m=1233
340,http://www.theyworkforyou.com/mp/?m=1336
341,http://www.theyworkforyou.com/mp/?m=1107
345,http://www.theyworkforyou.com/mp/?m=1168
346,http://www.theyworkforyou.com/mp/?m=1079
355,http://www.theyworkforyou.com/mp/?m=954
415,http://www.theyworkforyou.com/mp/?m=742
365,http://www.theyworkforyou.com/mp/?m=878
368,http://www.theyworkforyou.com/mp/?m=887
372,http://www.theyworkforyou.com/mp/?m=699
386,http://www.theyworkforyou.com/mp/?m=737
429,http://www.theyworkforyou.com/mp/?m=1174
383,http://www.theyworkforyou.com/mp/?m=1310
384,http://www.theyworkforyou.com/mp/?m=1335
433,http://www.theyworkforyou.com/mp/?m=1176
435,http://www.theyworkforyou.com/mp/?m=809
445,http://www.theyworkforyou.com/mp/?m=980
454,http://www.theyworkforyou.com/mp/?m=1145
478,http://www.theyworkforyou.com/mp/?m=871
486,http://www.theyworkforyou.com/mp/?m=1001
487,http://www.theyworkforyou.com/mp/?m=1241
492,http://www.theyworkforyou.com/mp/?m=932
507,http://www.theyworkforyou.com/mp/?m=812
509,http://www.theyworkforyou.com/mp/?m=1294
513,http://www.theyworkforyou.com/mp/?m=791
514,http://www.theyworkforyou.com/mp/?m=959
523,http://www.theyworkforyou.com/mp/?m=834
524,http://www.theyworkforyou.com/mp/?m=1046
528,http://www.theyworkforyou.com/mp/?m=917
705,http://www.theyworkforyou.com/mp/?m=723
701,http://www.theyworkforyou.com/mp/?m=1195
706,http://www.theyworkforyou.com/mp/?m=780
707,http://www.theyworkforyou.com/mp/?m=913
708,http://www.theyworkforyou.com/mp/?m=984
709,http://www.theyworkforyou.com/mp/?m=1355
710,http://www.theyworkforyou.com/mp/?m=1071
711,http://www.theyworkforyou.com/mp/?m=1091
712,http://www.theyworkforyou.com/mp/?m=1151
702,http://www.theyworkforyou.com/mp/?m=857
713,http://www.theyworkforyou.com/mp/?m=958
714,http://www.theyworkforyou.com/mp/?m=1356
703,http://www.theyworkforyou.com/mp/?m=1357
715,http://www.theyworkforyou.com/mp/?m=1070
716,http://www.theyworkforyou.com/mp/?m=1194
717,http://www.theyworkforyou.com/mp/?m=1289
704,http://www.theyworkforyou.com/mp/?m=688
718,http://www.theyworkforyou.com/mp/?m=858
601,http://www.theyworkforyou.com/mp/?m=861
602,http://www.theyworkforyou.com/mp/?m=1212
603,http://www.theyworkforyou.com/mp/?m=722
670,http://www.theyworkforyou.com/mp/?m=1237
604,http://www.theyworkforyou.com/mp/?m=1047
605,http://www.theyworkforyou.com/mp/?m=1312
606,http://www.theyworkforyou.com/mp/?m=1185
607,http://www.theyworkforyou.com/mp/?m=1146
608,http://www.theyworkforyou.com/mp/?m=1208
609,http://www.theyworkforyou.com/mp/?m=1280
610,http://www.theyworkforyou.com/mp/?m=898
612,http://www.theyworkforyou.com/mp/?m=1337
613,http://www.theyworkforyou.com/mp/?m=969
614,http://www.theyworkforyou.com/mp/?m=803
615,http://www.theyworkforyou.com/mp/?m=1077
616,http://www.theyworkforyou.com/mp/?m=1328
617,http://www.theyworkforyou.com/mp/?m=860
618,http://www.theyworkforyou.com/mp/?m=1069
619,http://www.theyworkforyou.com/mp/?m=757
620,http://www.theyworkforyou.com/mp/?m=1059
621,http://www.theyworkforyou.com/mp/?m=1200
622,http://www.theyworkforyou.com/mp/?m=755
623,http://www.theyworkforyou.com/mp/?m=1247
624,http://www.theyworkforyou.com/mp/?m=990
625,http://www.theyworkforyou.com/mp/?m=1156
626,http://www.theyworkforyou.com/mp/?m=1130
627,http://www.theyworkforyou.com/mp/?m=839
628,http://www.theyworkforyou.com/mp/?m=1257
629,http://www.theyworkforyou.com/mp/?m=1038
630,http://www.theyworkforyou.com/mp/?m=799
631,http://www.theyworkforyou.com/mp/?m=926
632,http://www.theyworkforyou.com/mp/?m=716
633,http://www.theyworkforyou.com/mp/?m=814
634,http://www.theyworkforyou.com/mp/?m=1008
611,http://www.theyworkforyou.com/mp/?m=1068
658,http://www.theyworkforyou.com/mp/?m=781
635,http://www.theyworkforyou.com/mp/?m=868
636,http://www.theyworkforyou.com/mp/?m=1191
637,http://www.theyworkforyou.com/mp/?m=1338
638,http://www.theyworkforyou.com/mp/?m=941
639,http://www.theyworkforyou.com/mp/?m=1211
640,http://www.theyworkforyou.com/mp/?m=1354
641,http://www.theyworkforyou.com/mp/?m=1076
642,http://www.theyworkforyou.com/mp/?m=843
643,http://www.theyworkforyou.com/mp/?m=1061
644,http://www.theyworkforyou.com/mp/?m=1098
645,http://www.theyworkforyou.com/mp/?m=1101
646,http://www.theyworkforyou.com/mp/?m=760
647,http://www.theyworkforyou.com/mp/?m=775
648,http://www.theyworkforyou.com/mp/?m=1186
649,http://www.theyworkforyou.com/mp/?m=1298
650,http://www.theyworkforyou.com/mp/?m=1253
651,http://www.theyworkforyou.com/mp/?m=758
652,http://www.theyworkforyou.com/mp/?m=1118
653,http://www.theyworkforyou.com/mp/?m=838
654,http://www.theyworkforyou.com/mp/?m=817
655,http://www.theyworkforyou.com/mp/?m=934
656,http://www.theyworkforyou.com/mp/?m=1189
657,http://www.theyworkforyou.com/mp/?m=1201
660,http://www.theyworkforyou.com/mp/?m=1142
661,http://www.theyworkforyou.com/mp/?m=785
662,http://www.theyworkforyou.com/mp/?m=689
663,http://www.theyworkforyou.com/mp/?m=693
664,http://www.theyworkforyou.com/mp/?m=879
671,http://www.theyworkforyou.com/mp/?m=1221
665,http://www.theyworkforyou.com/mp/?m=1016
666,http://www.theyworkforyou.com/mp/?m=1025
667,http://www.theyworkforyou.com/mp/?m=1072
668,http://www.theyworkforyou.com/mp/?m=1060
659,http://www.theyworkforyou.com/mp/?m=1333
669,http://www.theyworkforyou.com/mp/?m=1119
672,http://www.theyworkforyou.com/mp/?m=1066
1,http://www.theyworkforyou.com/mp/?m=977
5,http://www.theyworkforyou.com/mp/?m=888
7,http://www.theyworkforyou.com/mp/?m=921
9,http://www.theyworkforyou.com/mp/?m=1049
10,http://www.theyworkforyou.com/mp/?m=711
17,http://www.theyworkforyou.com/mp/?m=1363
22,http://www.theyworkforyou.com/mp/?m=924
28,http://www.theyworkforyou.com/mp/?m=713
49,http://www.theyworkforyou.com/mp/?m=910
59,http://www.theyworkforyou.com/mp/?m=1075
71,http://www.theyworkforyou.com/mp/?m=1293
72,http://www.theyworkforyou.com/mp/?m=1040
81,http://www.theyworkforyou.com/mp/?m=730
91,http://www.theyworkforyou.com/mp/?m=751
97,http://www.theyworkforyou.com/mp/?m=1217
100,http://www.theyworkforyou.com/mp/?m=914
102,http://www.theyworkforyou.com/mp/?m=1299
121,http://www.theyworkforyou.com/mp/?m=1117
129,http://www.theyworkforyou.com/mp/?m=1256
139,http://www.theyworkforyou.com/mp/?m=1173
153,http://www.theyworkforyou.com/mp/?m=1307
154,http://www.theyworkforyou.com/mp/?m=794
164,http://www.theyworkforyou.com/mp/?m=920
167,http://www.theyworkforyou.com/mp/?m=1272
170,http://www.theyworkforyou.com/mp/?m=964
171,http://www.theyworkforyou.com/mp/?m=1190
174,http://www.theyworkforyou.com/mp/?m=974
180,http://www.theyworkforyou.com/mp/?m=800
182,http://www.theyworkforyou.com/mp/?m=1301
184,http://www.theyworkforyou.com/mp/?m=1162
188,http://www.theyworkforyou.com/mp/?m=863
149,http://www.theyworkforyou.com/mp/?m=1103
313,http://www.theyworkforyou.com/mp/?m=700
326,http://www.theyworkforyou.com/mp/?m=1344
204,http://www.theyworkforyou.com/mp/?m=897
205,http://www.theyworkforyou.com/mp/?m=1320
211,http://www.theyworkforyou.com/mp/?m=999
222,http://www.theyworkforyou.com/mp/?m=1104
224,http://www.theyworkforyou.com/mp/?m=784
231,http://www.theyworkforyou.com/mp/?m=1291
256,http://www.theyworkforyou.com/mp/?m=710
274,http://www.theyworkforyou.com/mp/?m=1106
275,http://www.theyworkforyou.com/mp/?m=1317
283,http://www.theyworkforyou.com/mp/?m=1100
315,http://www.theyworkforyou.com/mp/?m=1313
292,http://www.theyworkforyou.com/mp/?m=1249
294,http://www.theyworkforyou.com/mp/?m=731
297,http://www.theyworkforyou.com/mp/?m=1045
298,http://www.theyworkforyou.com/mp/?m=1264
300,http://www.theyworkforyou.com/mp/?m=1187
343,http://www.theyworkforyou.com/mp/?m=1230
344,http://www.theyworkforyou.com/mp/?m=940
353,http://www.theyworkforyou.com/mp/?m=1181
354,http://www.theyworkforyou.com/mp/?m=937
359,http://www.theyworkforyou.com/mp/?m=925
360,http://www.theyworkforyou.com/mp/?m=1209
364,http://www.theyworkforyou.com/mp/?m=740
371,http://www.theyworkforyou.com/mp/?m=912
377,http://www.theyworkforyou.com/mp/?m=936
392,http://www.theyworkforyou.com/mp/?m=881
402,http://www.theyworkforyou.com/mp/?m=1342
405,http://www.theyworkforyou.com/mp/?m=1084
426,http://www.theyworkforyou.com/mp/?m=851
427,http://www.theyworkforyou.com/mp/?m=1314
430,http://www.theyworkforyou.com/mp/?m=1327
150,http://www.theyworkforyou.com/mp/?m=692
450,http://www.theyworkforyou.com/mp/?m=945
425,http://www.theyworkforyou.com/mp/?m=745
288,http://www.theyworkforyou.com/mp/?m=1239
321,http://www.theyworkforyou.com/mp/?m=902
420,http://www.theyworkforyou.com/mp/?m=1029
462,http://www.theyworkforyou.com/mp/?m=1248
469,http://www.theyworkforyou.com/mp/?m=1134
484,http://www.theyworkforyou.com/mp/?m=1364
491,http://www.theyworkforyou.com/mp/?m=955
511,http://www.theyworkforyou.com/mp/?m=1136
512,http://www.theyworkforyou.com/mp/?m=1287
515,http://www.theyworkforyou.com/mp/?m=777
516,http://www.theyworkforyou.com/mp/?m=1089
517,http://www.theyworkforyou.com/mp/?m=1183
151,http://www.theyworkforyou.com/mp/?m=1055
525,http://www.theyworkforyou.com/mp/?m=744
526,http://www.theyworkforyou.com/mp/?m=918
19,http://www.theyworkforyou.com/mp/?m=895
57,http://www.theyworkforyou.com/mp/?m=704
58,http://www.theyworkforyou.com/mp/?m=771
69,http://www.theyworkforyou.com/mp/?m=1048
73,http://www.theyworkforyou.com/mp/?m=821
74,http://www.theyworkforyou.com/mp/?m=1133
75,http://www.theyworkforyou.com/mp/?m=1171
76,http://www.theyworkforyou.com/mp/?m=841
99,http://www.theyworkforyou.com/mp/?m=1006
106,http://www.theyworkforyou.com/mp/?m=795
306,http://www.theyworkforyou.com/mp/?m=1297
412,http://www.theyworkforyou.com/mp/?m=752
117,http://www.theyworkforyou.com/mp/?m=806
134,http://www.theyworkforyou.com/mp/?m=697
147,http://www.theyworkforyou.com/mp/?m=1265
307,http://www.theyworkforyou.com/mp/?m=942
422,http://www.theyworkforyou.com/mp/?m=1259
465,http://www.theyworkforyou.com/mp/?m=765
286,http://www.theyworkforyou.com/mp/?m=754
308,http://www.theyworkforyou.com/mp/?m=1304
410,http://www.theyworkforyou.com/mp/?m=1027
501,http://www.theyworkforyou.com/mp/?m=1042
168,http://www.theyworkforyou.com/mp/?m=748
169,http://www.theyworkforyou.com/mp/?m=702
175,http://www.theyworkforyou.com/mp/?m=1144
181,http://www.theyworkforyou.com/mp/?m=852
242,http://www.theyworkforyou.com/mp/?m=732
332,http://www.theyworkforyou.com/mp/?m=1311
348,http://www.theyworkforyou.com/mp/?m=995
349,http://www.theyworkforyou.com/mp/?m=915
351,http://www.theyworkforyou.com/mp/?m=1266
387,http://www.theyworkforyou.com/mp/?m=1018
407,http://www.theyworkforyou.com/mp/?m=950
385,http://www.theyworkforyou.com/mp/?m=907
446,http://www.theyworkforyou.com/mp/?m=865
320,http://www.theyworkforyou.com/mp/?m=1326
419,http://www.theyworkforyou.com/mp/?m=866
455,http://www.theyworkforyou.com/mp/?m=890
456,http://www.theyworkforyou.com/mp/?m=1345
458,http://www.theyworkforyou.com/mp/?m=1192
461,http://www.theyworkforyou.com/mp/?m=759
464,http://www.theyworkforyou.com/mp/?m=1210
466,http://www.theyworkforyou.com/mp/?m=1250
468,http://www.theyworkforyou.com/mp/?m=1274
483,http://www.theyworkforyou.com/mp/?m=1135
494,http://www.theyworkforyou.com/mp/?m=951
506,http://www.theyworkforyou.com/mp/?m=1132
508,http://www.theyworkforyou.com/mp/?m=822
329,http://www.theyworkforyou.com/mp/?m=919
521,http://www.theyworkforyou.com/mp/?m=899
529,http://www.theyworkforyou.com/mp/?m=1036
530,http://www.theyworkforyou.com/mp/?m=900
531,http://www.theyworkforyou.com/mp/?m=1267
532,http://www.theyworkforyou.com/mp/?m=1236
533,http://www.theyworkforyou.com/mp/?m=1324
534,http://www.theyworkforyou.com/mp/?m=927
535,http://www.theyworkforyou.com/mp/?m=1323
536,http://www.theyworkforyou.com/mp/?m=842
537,http://www.theyworkforyou.com/mp/?m=1002
538,http://www.theyworkforyou.com/mp/?m=1121
539,http://www.theyworkforyou.com/mp/?m=1111
540,http://www.theyworkforyou.com/mp/?m=753
541,http://www.theyworkforyou.com/mp/?m=1170
542,http://www.theyworkforyou.com/mp/?m=690
543,http://www.theyworkforyou.com/mp/?m=1279
544,http://www.theyworkforyou.com/mp/?m=1005
545,http://www.theyworkforyou.com/mp/?m=1277
546,http://www.theyworkforyou.com/mp/?m=1322
547,http://www.theyworkforyou.com/mp/?m=807
548,http://www.theyworkforyou.com/mp/?m=938
549,http://www.theyworkforyou.com/mp/?m=788
550,http://www.theyworkforyou.com/mp/?m=1285
551,http://www.theyworkforyou.com/mp/?m=844
552,http://www.theyworkforyou.com/mp/?m=1053
553,http://www.theyworkforyou.com/mp/?m=944
554,http://www.theyworkforyou.com/mp/?m=873
555,http://www.theyworkforyou.com/mp/?m=1143
556,http://www.theyworkforyou.com/mp/?m=931
557,http://www.theyworkforyou.com/mp/?m=975
558,http://www.theyworkforyou.com/mp/?m=891
559,http://www.theyworkforyou.com/mp/?m=1347
560,http://www.theyworkforyou.com/mp/?m=978
561,http://www.theyworkforyou.com/mp/?m=1035
562,http://www.theyworkforyou.com/mp/?m=761
563,http://www.theyworkforyou.com/mp/?m=698
564,http://www.theyworkforyou.com/mp/?m=1321
565,http://www.theyworkforyou.com/mp/?m=1131
566,http://www.theyworkforyou.com/mp/?m=1202
567,http://www.theyworkforyou.com/mp/?m=1235
568,http://www.theyworkforyou.com/mp/?m=1057
569,http://www.theyworkforyou.com/mp/?m=1148
2,http://www.theyworkforyou.com/mp/?m=1220
32,http://www.theyworkforyou.com/mp/?m=1261
33,http://www.theyworkforyou.com/mp/?m=1225
34,http://www.theyworkforyou.com/mp/?m=1062
35,http://www.theyworkforyou.com/mp/?m=1360
36,http://www.theyworkforyou.com/mp/?m=1223
37,http://www.theyworkforyou.com/mp/?m=763
38,http://www.theyworkforyou.com/mp/?m=1087
39,http://www.theyworkforyou.com/mp/?m=1004
40,http://www.theyworkforyou.com/mp/?m=916
41,http://www.theyworkforyou.com/mp/?m=1123
78,http://www.theyworkforyou.com/mp/?m=1024
83,http://www.theyworkforyou.com/mp/?m=850
90,http://www.theyworkforyou.com/mp/?m=1341
118,http://www.theyworkforyou.com/mp/?m=691
119,http://www.theyworkforyou.com/mp/?m=1193
120,http://www.theyworkforyou.com/mp/?m=833
140,http://www.theyworkforyou.com/mp/?m=826
141,http://www.theyworkforyou.com/mp/?m=1154
191,http://www.theyworkforyou.com/mp/?m=947
212,http://www.theyworkforyou.com/mp/?m=1013
255,http://www.theyworkforyou.com/mp/?m=1318
261,http://www.theyworkforyou.com/mp/?m=880
270,http://www.theyworkforyou.com/mp/?m=922
284,http://www.theyworkforyou.com/mp/?m=1243
304,http://www.theyworkforyou.com/mp/?m=882
338,http://www.theyworkforyou.com/mp/?m=1141
362,http://www.theyworkforyou.com/mp/?m=1234
375,http://www.theyworkforyou.com/mp/?m=1022
401,http://www.theyworkforyou.com/mp/?m=1348
318,http://www.theyworkforyou.com/mp/?m=1153
406,http://www.theyworkforyou.com/mp/?m=1273
431,http://www.theyworkforyou.com/mp/?m=1020
432,http://www.theyworkforyou.com/mp/?m=703
417,http://www.theyworkforyou.com/mp/?m=820
438,http://www.theyworkforyou.com/mp/?m=885
439,http://www.theyworkforyou.com/mp/?m=1303
440,http://www.theyworkforyou.com/mp/?m=1252
441,http://www.theyworkforyou.com/mp/?m=787
442,http://www.theyworkforyou.com/mp/?m=1222
443,http://www.theyworkforyou.com/mp/?m=1094
452,http://www.theyworkforyou.com/mp/?m=1115
453,http://www.theyworkforyou.com/mp/?m=997
457,http://www.theyworkforyou.com/mp/?m=1340
459,http://www.theyworkforyou.com/mp/?m=747
479,http://www.theyworkforyou.com/mp/?m=1329
480,http://www.theyworkforyou.com/mp/?m=908
485,http://www.theyworkforyou.com/mp/?m=1242
488,http://www.theyworkforyou.com/mp/?m=1160
323,http://www.theyworkforyou.com/mp/?m=1138
497,http://www.theyworkforyou.com/mp/?m=1309
498,http://www.theyworkforyou.com/mp/?m=708
518,http://www.theyworkforyou.com/mp/?m=1175
519,http://www.theyworkforyou.com/mp/?m=1292
520,http://www.theyworkforyou.com/mp/?m=1095
522,http://www.theyworkforyou.com/mp/?m=896
289,http://www.theyworkforyou.com/mp/?m=1058
505,http://www.theyworkforyou.com/mp/?m=1244
527,http://www.theyworkforyou.com/mp/?m=1275
12,http://www.theyworkforyou.com/mp/?m=989
13,http://www.theyworkforyou.com/mp/?m=876
14,http://www.theyworkforyou.com/mp/?m=796
20,http://www.theyworkforyou.com/mp/?m=1334
27,http://www.theyworkforyou.com/mp/?m=825
60,http://www.theyworkforyou.com/mp/?m=1198
61,http://www.theyworkforyou.com/mp/?m=1263
62,http://www.theyworkforyou.com/mp/?m=1228
70,http://www.theyworkforyou.com/mp/?m=789
87,http://www.theyworkforyou.com/mp/?m=1063
110,http://www.theyworkforyou.com/mp/?m=719
111,http://www.theyworkforyou.com/mp/?m=1074
113,http://www.theyworkforyou.com/mp/?m=1125
135,http://www.theyworkforyou.com/mp/?m=1269
138,http://www.theyworkforyou.com/mp/?m=889
136,http://www.theyworkforyou.com/mp/?m=1332
137,http://www.theyworkforyou.com/mp/?m=981
159,http://www.theyworkforyou.com/mp/?m=764
185,http://www.theyworkforyou.com/mp/?m=1116
192,http://www.theyworkforyou.com/mp/?m=1088
193,http://www.theyworkforyou.com/mp/?m=847
199,http://www.theyworkforyou.com/mp/?m=1325
209,http://www.theyworkforyou.com/mp/?m=1288
225,http://www.theyworkforyou.com/mp/?m=1218
239,http://www.theyworkforyou.com/mp/?m=1169
240,http://www.theyworkforyou.com/mp/?m=1081
241,http://www.theyworkforyou.com/mp/?m=998
235,http://www.theyworkforyou.com/mp/?m=829
246,http://www.theyworkforyou.com/mp/?m=727
247,http://www.theyworkforyou.com/mp/?m=1126
248,http://www.theyworkforyou.com/mp/?m=935
249,http://www.theyworkforyou.com/mp/?m=733
250,http://www.theyworkforyou.com/mp/?m=718
296,http://www.theyworkforyou.com/mp/?m=790
305,http://www.theyworkforyou.com/mp/?m=1137
350,http://www.theyworkforyou.com/mp/?m=818
356,http://www.theyworkforyou.com/mp/?m=1290
366,http://www.theyworkforyou.com/mp/?m=930
373,http://www.theyworkforyou.com/mp/?m=717
374,http://www.theyworkforyou.com/mp/?m=1083
380,http://www.theyworkforyou.com/mp/?m=923
388,http://www.theyworkforyou.com/mp/?m=1178
389,http://www.theyworkforyou.com/mp/?m=1122
391,http://www.theyworkforyou.com/mp/?m=928
393,http://www.theyworkforyou.com/mp/?m=734
394,http://www.theyworkforyou.com/mp/?m=739
395,http://www.theyworkforyou.com/mp/?m=774
396,http://www.theyworkforyou.com/mp/?m=694
397,http://www.theyworkforyou.com/mp/?m=1128
398,http://www.theyworkforyou.com/mp/?m=993
400,http://www.theyworkforyou.com/mp/?m=1041
403,http://www.theyworkforyou.com/mp/?m=835
475,http://www.theyworkforyou.com/mp/?m=1073
477,http://www.theyworkforyou.com/mp/?m=963
496,http://www.theyworkforyou.com/mp/?m=949
152,http://www.theyworkforyou.com/mp/?m=1026
