Aberavon	Hywel	Francis	Labour	http://www.epolitix.com/webminster/hywel-francis
Aberdeen Central	Frank	Doran	Labour	http://www.frankdoran.org.uk/
Aberdeen North	Malcolm	Savidge	Labour	http://www.epolitix.com/webminster/malcolm-savidge
Aberdeen South	Anne	Begg	Labour	http://www.annebegg.info
Airdrie & Shotts	Helen	Liddell	Labour	
Aldershot	Gerald	Howarth	Con	
Aldridge-Brownhills	Richard	Shepherd	Con	
Altrincham & Sale West	Graham	Brady	Con	http://www.grahambradymp.co.uk
Alyn & Deeside	Mark	Tami	Labour	http://www.marktamimp.org.uk
Amber Valley	Judy	Mallaber	Labour	
Angus	Michael	Weir	SNP	http://www.angussnp.org/
Argyll & Bute	Alan	Reid	LD	http://www.scotlibdems.org.uk
Arundel & South Downs	Howard	Flight	Con	http://www.the-flight-site.org
Ashfield	Geoff	Hoon	Labour	http://www.epolitix.com/webminster/geoff-hoon
Ashford	Damian	Green	Con	http://www.damiangreen.org
Ashton-under-Lyne	David	Heyes	Labour	
Aylesbury	David	Lidington	Con	http://www.davidlidington.co.uk
Ayr	Sandra	Osborne	Labour	http://www.epolitix.com/webminster/sandra-osborne
Banbury	Tony	Baldry	Con	http://www.epolitix.com/webminster/tony-baldry
Banff & Buchan	Alex	Salmond	SNP	http://www.alexsalmond.net/
Barking	Margaret	Hodge	Labour	http://www.epolitix.com/webminster/margaret-hodge
Barnsley Central	Eric	Illsley	Labour	http://www.ericillsley.co.uk
Barnsley East & Mexborough	Jeff	Ennis	Labour	http://www.epolitix.com/webminster/jeff-ennis
Barnsley West & Penistone	Michael	Clapham	Labour	http://www.michael-clapham-mp.new.labour.org.uk
Barrow & Furness	John	Hutton	Labour	http://www.johnhuttonmp.co.uk
Basildon	Angela	Smith	Labour	http://www.angelasmithmp.org
Basingstoke	Andrew	Hunter	Ind Con	
Bassetlaw	John	Mann	Labour	http://www.johnmannmp.co.uk
Bath	Don	Foster	LD	http://www.donfoster.co.uk
Batley & Spen	Mike	Wood	Labour	http://www.mikewood.org.uk
Battersea	Martin	Linton	Labour	http://www.martinlinton.org.uk
Beaconsfield	Dominic	Grieve	Con	http://www.dominicgrieve.org.uk/
Beckenham	Jacqui	Lait	Con	http://www.jacquilaitmp.com
Bedford	Patrick	Hall	Labour	
Belfast East	Peter	Robinson	DUP	http://www.peterrobinson.org
Belfast North	Nigel	Dodds	DU	
Belfast South	Martin	Smyth	Ind U	http://www.epolitix.com/webminster/martin-smyth
Belfast West	Gerry	Adams	SF	
Berwick-upon-Tweed	Alan	Beith	LD	http://www.gtassoc.demon.co.uk/index2.html
Bethnal Green & Bow	Oona	King	Labour	http://www.oonaking.com
Beverley & Holderness	James	Cran	Con	
Bexhill & Battle	Gregory	Barker	Con	http://www.gregorybarker.com/
Bexleyheath & Crayford	Nigel	Beard	Labour	http://www.mymp.org.uk/nigelbeard
Billericay	John	Baron	Con	
Birkenhead	Frank	Field	Labour	http://www.frankfield.com
Birmingham, Edgbaston	Gisela	Stuart	Labour	http://www.giselastuartmp.co.uk
Birmingham, Erdington	Si&ocirc;n	Simon	Labour	
Birmingham, Hall Green	Stephen	McCabe	Labour	
Birmingham, Hodge Hill	Terry	Davis	Labour	http://www.liambyrne.co.uk/
Birmingham, Ladywood	Clare	Short	Labour	http://www.epolitix.com/webminster/clare-short
Birmingham, Northfield	Richard	Burden	Labour	http://www.richardburden.com
Birmingham, Perry Barr	Khalid	Mahmood	Labour	
Birmingham, Selly Oak	Lynne	Jones	Labour	http://www.lynnejones.org.uk
Birmingham, Sparkbrook & Small Heath	Roger	Godsiff	Labour	
Birmingham, Yardley	Estelle	Morris	Labour	
Bishop Auckland	Derek	Foster	Labour	
Blaby	Andrew	Robathan	Con	
Blackburn	Jack	Straw	Labour	
Blackpool North & Fleetwood	Joan	Humble	Labour	
Blackpool South	Gordon	Marsden	Labour	
Blaenau Gwent	Llew	Smith	Labour	
Blaydon	John	McWilliam	Labour	
Blyth Valley	Ronnie	Campbell	Labour	http://www.blythvalley.labour.co.uk
Bognor Regis & Littlehampton	Nick	Gibb	Con	
Bolsover	Dennis	Skinner	Labour	
Bolton North East	David	Crausby	Labour	
Bolton South East	Brian	Iddon	Labour	http://www.brianiddonmp.org.uk
Bolton West	Ruth	Kelly	Labour	http://www.ruthkelly.labour.co.uk
Bootle	Joe	Benton	Labour	http://www.epolitix.com/webminster/joe-benton
Boston & Skegness	Mark	Simmonds	Con	http://www.marksimmondsmp.org/
Bosworth	David	Tredinnick	Con	
Bournemouth East	David	Atkinson	Con	http://www.davidatkinson.net
Bournemouth West	John	Butterfill	Con	
Bracknell	Andrew	Mackay	Con	http://www.andrewmackaymp.com/
Bradford North	Terry	Rooney	Labour	
Bradford South	Gerry	Sutcliffe	Labour	http://www.gerrysutcliffe.org.uk
Bradford West	Marsha	Singh	Labour	
Braintree	Alan	Hurst	Labour	
Brecon & Radnorshire	Roger	Williams	LD	http://www.rogerwilliams.org.uk
Brent East	Sarah	Teather	LD	http://www.brentlibdems.org.uk/
Brent North	Barry	Gardiner	Labour	http://www.barrygardiner.com
Brent South	Paul	Boateng	Labour	http://www.paulboateng.labour.co.uk/
Brentford & Isleworth	Ann	Keen	Labour	http://www.annkeenmp.org.uk
Brentwood & Ongar	Eric	Pickles	Con	http://www.ericpickles.com
Bridgend	Win	Griffiths	Labour	http://www.wingriffithsmp.co.uk
Bridgwater	Ian	Liddell-Grainger	Con	http://www.somersetwest.org.uk/index.html
Brigg & Goole	Ian	Cawsey	Labour	http://www.iancawsey.co.uk
Brighton, Kemptown	Desmond	Turner	Labour	http://www.desturnermp.co.uk
Brighton, Pavilion	David	Lepper	Labour	http://www.epolitix.com/webminster/david-lepper
Bristol East	Jean	Corston	Labour	http://www.epolitix.com/webminster/jean-corston
Bristol North West	Doug	Naysmith	Labour	http://www.epolitix.com/EN/MPWebsites/Doug+Naysmith/
Bristol South	Dawn	Primarolo	Labour	http://www.dawnprimarolo.labour.co.uk
Bristol West	Valerie	Davey	Labour	http://www.valeriedavey.labour.co.uk/
Bromley & Chislehurst	Eric	Forth	Con	
Bromsgrove	Julie	Kirkbride	Con	http://www.bromsgrove-conservatives.org.uk/
Broxbourne	Marion	Roe	Con	http://www.tory-herts.org
Broxtowe	Nick	Palmer	Labour	http://www.broxtowelabour.org
Buckingham	John	Bercow	Con	http://www.buckinghamconservative.co.uk
Burnley	Peter	Pike	Labour	http://www.epolitix.com/webminster/peter-pike
Burton	Janet	Dean	Labour	http://www.epolitix.com/webminster/janet-dean
Bury North	David	Chaytor	Labour	http://www.epolitix.com/webminster/david-chaytor
Bury South	Ivan	Lewis	Labour	http://www.epolitix.com/webminster/ivan-lewis
Bury St Edmunds	David	Ruffley	Con	http://www.davidruffleymp.com
Caernarfon	Hywel	Williams	PC	http://www.hywelwilliams.org/english/the_MP.htm
Caerphilly	Wayne	David	Labour	http://www.waynedavid.labour.co.uk/
Caithness, Sutherland & Easter Ross	John	Thurso	LD	http://www.johnthurso.org
Calder Valley	Chris	McCafferty	Labour	http://www.mccafferty.btinternet.co.uk
Camberwell & Peckham	Harriet	Harman	Labour	http://www.harrietharman.labour.co.uk
Cambridge	Anne	Campbell	Labour	http://www.annecampbell.org.uk
Cannock Chase	Tony	Wright	Labour	http://www.tonywright.labour.co.uk
Canterbury	Julian	Brazier	Con	http://www.julianbrazier.co.uk/
Cardiff Central	Jon Owen	Jones	Labour	http://www.jonowenjones.labour.co.uk/
Cardiff North	Julie	Morgan	Labour	http://www.geocities.com/juliemorganmp/
Cardiff South & Penarth	Alun	Michael	Labour	http://www.alunmichael.com/
Cardiff West	Kevin	Brennan	Labour	http://www.epolitix.com/webminster/kevin-brennan
Carlisle	Eric	Martlew	Labour	
Carmarthen East & Dinefwr	Adam	Price	PC	http://www.epolitix.com/webminster/adam-price
Carmarthen West & South Pembrokeshire	Nick	Ainger	Labour	http://www.nickainger.labour.co.uk
Carrick, Cumnock & Doon Valley	George	Foulkes	Labour	http://www.georgefoulkesmp.co.uk
Carshalton & Wallington	Tom	Brake	LD	http://www.tombrake.co.uk
Castle Point	Robert	Spink	Con	http://www.epolitix.com/EN/MPWebsites/Robert%20Spink/
Central Fife	John	MacDougall	Labour	http://www.johnmacdougall.labour.co.uk
Central Suffolk & North Ipswich	Michael	Lord	DCWM	
Ceredigion	Simon	Thomas	PC	http://www.simonthomas.net/
Charnwood	Stephen	Dorrell	Con	http://www.stephendorrell.org.uk
Chatham & Aylesford	Jonathan R.	Shaw	Labour	http://www.jonathanshaw.labour.co.uk
Cheadle	Patsy	Calton	LD	http://www.patsycalton.org.uk/
Cheltenham	Nigel	Jones	LD	http://www.nigeljones.org.uk
Chesham & Amersham	Cheryl	Gillan	Con	http://www.epolitix.com/webminster/cheryl-gillan
Chester, City of	Christine	Russell	Labour	
Chesterfield	Paul	Holmes	LD	http://www.paulholmes.org.uk
Chichester	Andrew	Tyrie	Con	
Chingford & Woodford Green	Iain	Duncan Smith	Con	
Chipping Barnet	Sydney	Chapman	Con	http://www.sydneychapman.co.uk/
Chorley	Lindsay	Hoyle	Labour	http://www.lindsayhoyle.co.uk/
Christchurch	Christopher	Chope	Con	
Cities of London & Westminster	Mark	Field	Con	http://www.markfieldmp.com
Cleethorpes	Shona	McIsaac	Labour	http://www.shona-mp.com
Clwyd South	Martyn	Jones	Labour	http://www.epolitix.com/webminster/martyn-jones
Clwyd West	Gareth	Thomas	Labour	http://www.gareththomas.labour.co.uk/
Clydebank & Milngavie	Tony	Worthington	Labour	http://www.tonyworthington.labour.co.uk/
Clydesdale	Jimmy	Hood	Labour	http://www.jimmyhood.labour.co.uk
Coatbridge & Chryston	Tom	Clarke	Labour	
Colchester	Bob	Russell	LD	http://www.epolitix.com/webminster/bob-russell
Colne Valley	Kali	Mountford	Labour	http://www.kalimountfordmp.org.uk
Congleton	Ann	Winterton	Con	http://www.epolitix.com/webminster/ann-winterton
Conwy	Betty	Williams	Labour	http://www.epolitix.com/webminster/betty-williams
Copeland	Jack	Cunningham	Labour	http://www.epolitix.com/webminster/jack-cunningham
Corby	Phil	Hope	Labour	http://www.philhope.org.uk
Cotswold	Geoffrey	Clifton-Brown	Con	http://www.cliftonbrown.co.uk
Coventry North East	Bob	Ainsworth	Labour	http://www.peterainsworth.com/
Coventry North West	Geoffrey	Robinson	Labour	
Coventry South	Jim	Cunningham	Labour	http://www.epolitix.com/EN/MPWebsites/Jim+Cunningham/
Crawley	Laura	Moffatt	Labour	http://www.lauramoffattmp.co.uk
Crewe & Nantwich	Gwyneth	Dunwoody	Labour	http://www.gwynethdunwoody.co.uk/
Crosby	Claire	Curtis-Thomas	Labour	http://www.cctmp.com
Croydon Central	Geraint	Davies	Labour	http://www.geraintdaviesmp.org.uk
Croydon North	Malcolm	Wicks	Labour	http://www.malcolmwicks.labour.co.uk
Croydon South	Richard	Ottaway	Con	http://www.richardottaway.com
Cumbernauld & Kilsyth	Rosemary	McKenna	Labour	http://www.rosemarymckenna.labour.co.uk
Cunninghame North	Brian	Wilson	Labour	
Cunninghame South	Brian H.	Donohoe	Labour	http://www.epolitix.com/webminster/brian-donohoe
Cynon Valley	Ann	Clwyd	Labour	
Dagenham	Jon	Cruddas	Labour	
Darlington	Alan	Milburn	Labour	http://www.alanmilburn.co.uk
Dartford	Howard	Stoate	Labour	http://www.howardstoate.com
Daventry	Tim	Boswell	Con	
Delyn	David	Hanson	Labour	http://www.delynmp.org.uk
Denton & Reddish	Andrew	Bennett	Labour	http://www.poptel.org.uk/andrew.bennett/index.html
Derby North	Bob	Laxton	Labour	http://www.boblaxton.org.uk
Derby South	Margaret	Beckett	Labour	http://www.epolitix.com/webminster/margaret-beckett
Devizes	Michael	Ancram	Con	http://www.michaelancram.com
Dewsbury	Ann	Taylor	Labour	
Don Valley	Caroline	Flint	Labour	http://www.carolineflint.co.uk
Doncaster Central	Rosie	Winterton	Labour	http://www.epolitix.com/webminster/rosie-winterton
Doncaster North	Kevin	Hughes	Labour	http://www.doncasternorth.co.uk
Dover	Gwyn	Prosser	Labour	http://www.gwynprosser.com
Dudley North	Ross	Cranston	Labour	http://www.rosscranston.labour.co.uk/
Dudley South	Ian	Pearson	Labour	http://www.ianpearson.org.uk
Dulwich & West Norwood	Tessa	Jowell	Labour	
Dumbarton	John	McFall	Labour	http://www.epolitix.com/webminster/john-mcfall
Dumfries	Russell	Brown	Labour	http://www.russellbrown.labour.co.uk
Dundee East	Iain	Luke	Labour	http://www.iainluke.org.uk
Dundee West	Ernie	Ross	Labour	http://www.epolitix.com/webminster/ernie-ross
Dunfermline East	Gordon	Brown	Labour	
Dunfermline West	Rachel	Squire	Labour	
Durham, City of	Gerry	Steinberg	Labour	http://www.gerry-steinberg.org.uk
Ealing Acton & Shepherd's Bush	Clive	Soley	Labour	http://clivesoleymp.typepad.com/clive_soley_mp/
Ealing North	Stephen	Pound	Labour	http://www.stevepound.org.uk
Ealing Southall	Piara S	Khabra	Labour	
Easington	John	Cummings	Labour	
East Antrim	Roy	Beggs	UU	http://www.roybeggsmp.com
East Devon	Hugo	Swire	Con	http://www.hugoswire.org.uk
East Ham	Stephen	Timms	Labour	http://www.stephentimmsmp.org.uk
East Hampshire	Michael	Mates	Con	http://www.epolitix.com/webminster/michael-mates
East Kilbride	Adam	Ingram	Labour	
East Londonderry	Gregory	Campbell	DU	
East Lothian	Anne	Picking	Labour	
East Surrey	Peter	Ainsworth	Con	http://www.peterainsworth.com/
East Worthing & Shoreham	Tim	Loughton	Con	http://www.timloughton.com
East Yorkshire	Greg	Knight	Con	http://www.gregknight.com
Eastbourne	Nigel	Waterson	Con	http://www.nigelwaterson.com
Eastleigh	David	Chidgey	LD	http://www.eastleighlibdems.org.uk/
Eastwood	Jim	Murphy	Labour	http://www.jimmurphymp.com
Eccles	Ian	Stewart	Labour	
Eddisbury	Stephen	O'Brien	Con	http://www.epolitix.com/EN/MPWebsites/Stephen+OBrien/
Edinburgh Central	Alistair	Darling	Labour	
Edinburgh East & Musselburgh	Gavin	Strang	Labour	http://www.gavinstrangmp.co.uk
Edinburgh North & Leith	Mark	Lazarowicz	Labour	http://www.marklazarowicz.org.uk
Edinburgh Pentlands	Lynda	Clark	Labour	
Edinburgh South	Nigel	Griffiths	Labour	http://www.nigelgriffiths.co.uk
Edinburgh West	John	Barrett	LD	http://www.johnbarrettmp.com
Edmonton	Andrew	Love	Labour	http://www.AndyLoveMP.com
Ellesmere Port & Neston	Andrew	Miller	Labour	http://www.andrew-miller-mp.co.uk/
Elmet	Colin	Burgon	Labour	http://www.colinburgon.co.uk/
Eltham	Clive	Efford	Labour	
Enfield North	Joan	Ryan	Labour	http://www.joanryan.labour.co.uk
Enfield, Southgate	Stephen	Twigg	Labour	http://www.stephentwigg.com
Epping Forest	Eleanor	Laing	Con	http://www.eppingconservatives.com/
Epsom & Ewell	Chris	Grayling	Con	http://www.chrisgrayling.net
Erewash	Liz	Blackman	Labour	
Erith & Thamesmead	John	Austin	Labour	http://www.epolitix.com/webminster/john-austin
Esher & Walton	Ian	Taylor	Con	http://www.iantaylormp.com
Exeter	Ben	Bradshaw	Labour	http://www.benbradshaw.co.uk
Falkirk East	Michael	Connarty	Labour	http://www.mconnartymp.org.uk
Falkirk West	Eric	Joyce	Labour	http://www.epolitix.com/webminster/eric-joyce
Falmouth & Camborne	Candy	Atherton	Labour	http://www.candyatherton.labour.co.uk
Fareham	Mark	Hoban	Con	http://www.markhoban.com
Faversham & Mid Kent	Hugh	Robertson	Con	http://www.hughrobertson.org.uk
Feltham & Heston	Alan	Keen	Labour	http://www.alankeen.com
Fermanagh & South Tyrone	Michelle	Gildernew	SF	
Finchley & Golders Green	Rudi	Vis	Labour	
Folkestone & Hythe	Michael	Howard	Con	http://www.michaelhowardmp.com/
Forest of Dean	Diana	Organ	Labour	http://www.dianaorgan.labour.co.uk
Foyle	John	Hume	SDLP	
Fylde	Michael	Jack	Con	http://www.michaeljackmp.org.uk
Gainsborough	Edward	Leigh	Con	http://www.edwardleigh.net
Galloway & Upper Nithsdale	Peter	Duncan	Con	http://www.peterduncan.org.uk
Gateshead East & Washington West	Joyce	Quin	Labour	http://www.epolitix.com/EN/MPWebsites/Joyce+Quin/
Gedling	Vernon	Coaker	Labour	http://www.vernon-coaker-mp.co.uk
Gillingham	Paul	Clark	Labour	http://www.paulclark.labour.co.uk
Glasgow, Anniesland	John	Robertson	Labour	http://www.johnrobertsonmp.co.uk
Glasgow, Baillieston	Jimmy	Wray	Labour	http://www.epolitix.com/webminster/jimmy-wray
Glasgow, Cathcart	Tom	Harris	Labour	http://www.tomharris.org.uk
Glasgow, Govan	Mohammad	Sarwar	Labour	http://www.sarwar.org.uk
Glasgow, Kelvin	George	Galloway	Labour	http://www.epolitix.com/webminster/george-galloway
Glasgow, Maryhill	Ann	McKechin	Labour	http://www.annmckechinmp.net/
Glasgow, Pollok	Ian	Davidson	Labour	http://www.epolitix.com/webminster/ian-davidson
Glasgow, Rutherglen	Thomas	McAvoy	Labour	http://www.tommymcavoy.org.uk/
Glasgow, Shettleston	David	Marshall	Labour	
Glasgow, Springburn	Michael	Martin	SPK	
Gloucester	Parmjit	Dhanda	Labour	http://www.parmjitdhanda.co.uk
Gordon	Malcolm	Bruce	LD	http://www.malcolmbruce.org.uk/
Gosport	Peter	Viggers	Con	http://www.peterviggers.co.uk
Gower	Martin	Caton	Labour	
Grantham & Stamford	Quentin	Davies	Con	
Gravesham	Chris	Pond	Labour	http://www.epolitix.com/webminster/chris-pond
Great Grimsby	Austin	Mitchell	Labour	http://www.austinmitchell.co.uk
Great Yarmouth	Anthony D.	Wright	Labour	http://www.epolitix.com/EN/MPWebsites/Tony+Wright/
Greenock & Inverclyde	David	Cairns	Labour	http://www.davidcairns.com
Greenwich & Woolwich	Nick	Raynsford	Labour	http://www.epolitix.com/webminster/nick-raynsford
Guildford	Sue	Doughty	LD	http://www.suedoughty.org
Hackney North & Stoke Newington	Diane	Abbott	Labour	http://www.dianeabbott.labour.co.uk/
Hackney South & Shoreditch	Brian	Sedgemore	Labour	
Halesowen & Rowley Regis	Sylvia	Heal	DCWM	
Halifax	Alice	Mahon	Labour	
Haltemprice & Howden	David	Davis	Con	
Halton	Derek	Twigg	Labour	http://www.derektwigg.org.uk
Hamilton North & Bellshill	John	Reid	Labour	http://www.johnreidmp.co.uk
Hamilton South	Bill	Tynan	Labour	http://www.billtynan.labour.co.uk
Hammersmith & Fulham	Iain	Coleman	Labour	
Hampstead & Highgate	Glenda	Jackson	Labour	
Harborough	Edward	Garnier	Con	http://www.edwardgarnier.co.uk
Harlow	Bill	Rammell	Labour	http://www.billrammell.labour.co.uk/
Harrogate & Knaresborough	Phil	Willis	LD	http://www.philwillis.org.uk
Harrow East	Tony	McNulty	Labour	http://www.tonymcnulty.org.uk
Harrow West	Gareth	Thomas	Labour	http://www.garethinharrow.labour.co.uk/
Hartlepool	Peter	Mandelson	Labour	http://www.petermandelson.com
Harwich	Ivan	Henderson	Labour	http://www.ivanhenderson.labour.co.uk/
Hastings & Rye	Michael Jabez	Foster	Labour	http://www.michaelfoster.labour.co.uk/
Havant	David	Willetts	Con	http://www.davidwilletts.org.uk
Hayes & Harlington	John	McDonnell	Labour	http://www.john-mcdonnell.net
Hazel Grove	Andrew	Stunell	LD	http://www.stunell.co.uk
Hemel Hempstead	Tony	McWalter	Labour	http://www.tonymcwaltermp.org.uk
Hemsworth	Jon	Trickett	Labour	http://www.epolitix.com/webminster/jon-trickett
Hendon	Andrew	Dismore	Labour	http://www.epolitix.com/webminster/andrew-dismore
Henley	Boris	Johnson	Con	http://www.boris-johnson.com/
Hereford	Paul	Keetch	LD	http://www.paulkeetch.org.uk
Hertford & Stortford	Mark	Prisk	Con	http://www.markprisk.com
Hertsmere	James	Clappison	Con	
Hexham	Peter	Atkinson	Con	http://www.peteratkinson.org.uk
Heywood & Middleton	Jim	Dobbin	Labour	
High Peak	Tom	Levitt	Labour	http://www.tomlevitt.org.uk
Hitchin & Harpenden	Peter	Lilley	Con	http://www.peterlilley.co.uk
Holborn & St Pancras	Frank	Dobson	Labour	
Hornchurch	John	Cryer	Labour	http://www.epolitix.com/webminster/john-cryer
Hornsey & Wood Green	Barbara	Roche	Labour	
Horsham	Francis	Maude	Con	http://www.francismaude.com/
Houghton & Washington East	Fraser	Kemp	Labour	
Hove	Ivor	Caplin	Labour	http://www.ivorcaplinmp.com
Huddersfield	Barry	Sheerman	Labour	http://www.barrysheerman.labour.co.uk
Huntingdon	Jonathan	Djanogly	Con	http://www.jonathandjanogly.com
Hyndburn	Greg	Pope	Labour	http://www.gregpope.co.uk
Ilford North	Linda	Perham	Labour	http://www.lindaperham.labour.co.uk
Ilford South	Mike	Gapes	Labour	http://www.mikegapes.org.uk
Inverness East, Nairn & Lochaber	David	Stewart	Labour	http://www.davidstewartmp.co.uk
Ipswich	Chris	Mole	Labour	http://www.chrismolemp.org.uk
Isle of Wight	Andrew	Turner	Con	http://www.islandmp.org
Islington North	Jeremy	Corbyn	Labour	http://www.jeremycorbyn.co.uk
Islington South & Finsbury	Chris	Smith	Labour	http://www.labour@islington.org.uk/labour
Islwyn	Don	Touhig	Labour	http://www.dontouhig.org.uk
Jarrow	Stephen	Hepburn	Labour	http://www.epolitix.com/webminster/stephen-hepburn
Keighley	Ann	Cryer	Labour	http://www.epolitix.com/webminster/ann-cryer
Kensington & Chelsea	Michael	Portillo	Con	http://www.michaelportillo.co.uk
Kettering	Phil	Sawford	Labour	http://www.philsawford.labour.co.uk/
Kilmarnock & Loudoun	Des	Browne	Labour	
Kingston & Surbiton	Edward	Davey	LD	http://www.edwarddavey.co.uk
Kingston upon Hull East	John	Prescott	Labour	
Kingston upon Hull North	Kevin	McNamara	Labour	http://www.kevinmcnamara.co.uk
Kingston upon Hull West & Hessle	Alan	Johnson	Labour	http://www.alanjohnson.org
Kingswood	Roger	Berry	Labour	http://www.digitalbristol.org/members/rberry
Kirkcaldy	Lewis	Moonie	Labour	
Knowsley North & Sefton East	George	Howarth	Labour	
Knowsley South	Edward	O'Hara	Labour	
Lagan Valley	Jeffrey M.	Donaldson	Ind U	http://www.jeffreydonaldson.org
Lancaster & Wyre	Hilton	Dawson	Labour	http://www.hiltondawson.fsnet.co.uk
Leeds Central	Hilary	Benn	Labour	http://www.epolitix.com/webminster/hilary-benn
Leeds East	George	Mudie	Labour	
Leeds North East	Fabian	Hamilton	Labour	http://www.leedsne.co.uk/
Leeds North West	Harold	Best	Labour	http://www.epolitix.com/webminster/harold-best
Leeds West	John	Battle	Labour	http://www.johnbattle-mp.org.uk
Leicester East	Keith	Vaz	Labour	
Leicester South	Jim	Marshall	Labour	
Leicester West	Patricia	Hewitt	Labour	http://www.patriciahewitt.labour.co.uk
Leigh	Andy	Burnham	Labour	
Leominster	Bill	Wiggin	Con	http://www.billwiggin.com
Lewes	Norman	Baker	LD	http://www.normanbaker.org.uk
Lewisham Deptford	Joan	Ruddock	Labour	http://www.joanruddock.org.uk
Lewisham East	Bridget	Prentice	Labour	http://www.bridgetprenticemp.org.uk
Lewisham West	Jim	Dowd	Labour	http://www.epolitix.com/webminster/jim-dowd
Leyton & Wanstead	Harry	Cohen	Labour	http://www.harrycohen.labour.co.uk/
Lichfield	Michael	Fabricant	Con	http://www.michael.fabricant.mp.co.uk
Lincoln	Gillian	Merron	Labour	
Linlithgow	Tam	Dalyell	Labour	
Liverpool, Garston	Maria	Eagle	Labour	http://www.mariaeaglemp.com/
Liverpool, Riverside	Louise	Ellman	Labour	http://www.epolitix.com/webminster/louise-ellman
Liverpool, Walton	Peter	Kilfoyle	Labour	http://www.peterkilfoyle.com
Liverpool, Wavertree	Jane	Kennedy	Labour	
Liverpool, West Derby	Robert	Wareing	Labour	
Livingston	Robin	Cook	Labour	http://www.robincook.org.uk
Llanelli	Denzil	Davies	Labour	http://www.rthondenzildavies.net/
Loughborough	Andy	Reed	Labour	http://www.andyreedmp.org.uk/
Louth & Horncastle	Peter	Tapsell	Con	
Ludlow	Matthew	Green	LD	http://www.matthewgreen.org.uk
Luton North	Kelvin	Hopkins	Labour	http://www.epolitix.com/webminster/kelvin-hopkins
Luton South	Margaret	Moran	Labour	http://www.margaretmoran.org
Macclesfield	Nicholas	Winterton	Con	
Maidenhead	Theresa	May	Con	http://www.tmay.co.uk/
Maidstone & The Weald	Ann	Widdecombe	Con	http://www.political.co.uk/annwiddecombe/default.asp
Makerfield	Ian	McCartney	Labour	
Maldon & East Chelmsford	John	Whittingdale	Con	http://www.johnwhittingdale.org.uk/
Manchester Central	Tony	Lloyd	Labour	http://www.tonylloydmp.co.uk
Manchester, Blackley	Graham	Stringer	Labour	
Manchester, Gorton	Gerald	Kaufman	Labour	
Manchester, Withington	Keith	Bradley	Labour	http://www.keithbradley.org.uk/
Mansfield	Alan	Meale	Labour	http://www.alanmeale.co.uk/
Medway	Robert	Marshall-Andrews	Labour	http://www.epolitix.com/webminster/bob-marshall-andrews
Meirionnydd Nant Conwy	Elfyn	Llwyd	PC	http://www.epolitix.com/webminster/elfyn-llwyd
Meriden	Caroline	Spelman	Con	http://www.carolinespelman.com
Merthyr Tydfil & Rhymney	Dai	Havard	Labour	
Mid Bedfordshire	Jonathan	Sayeed	Con	http://www.epolitix.com/webminster/jonathan-sayeed
Mid Dorset & North Poole	Annette	Brooke	LD	http://www.annettebrooke.org.uk/
Mid Norfolk	Keith	Simpson	Con	http://www.keithsimpson.org.uk
Mid Sussex	Nicholas	Soames	Con	http://www.nicholassoames.org.uk
Mid Ulster	Martin	McGuinness	SF	
Mid Worcestershire	Peter	Luff	Con	http://www.peterluff.co.uk
Middlesbrough	Stuart	Bell	Labour	http://www.stuartbellmp.org
Middlesbrough South & East Cleveland	Ashok	Kumar	Labour	http://www.epolitix.com/webminster/ashok-kumar
Midlothian	David	Hamilton	Labour	
Milton Keynes South West	Phyllis	Starkey	Labour	http://www.phyllisstarkey.labour.co.uk
Mitcham & Morden	Siobhain	McDonagh	Labour	http://www.siobhainmcdonagh.org.uk
Mole Valley	Paul	Beresford	Con	
Monmouth	Huw	Edwards	Labour	http://www.huwedwardsmonmouth.co.uk
Montgomeryshire	Lembit	Opik	LD	http://www.montgomery.libdems.org/
Moray	Angus	Robertson	SNP	http://www.moraymp.org
Morecambe & Lunesdale	Geraldine	Smith	Labour	
Morley & Rothwell	Colin	Challen	Labour	http://www.colinchallen.org.uk/
Motherwell & Wishaw	Frank	Roy	Labour	http://www.frankroy.labour.co.uk/
Neath	Peter	Hain	Labour	http://www.peterhain.org
New Forest East	Julian	Lewis	Con	http://www.julianlewis.net
New Forest West	Desmond	Swayne	Con	http://www.desmondswaynemp.com
Newark	Patrick	Mercer	Con	http://www.patrickmercer.org.uk
Newbury	David	Rendel	LD	http://www.davidrendel.org.uk
Newcastle upon Tyne Central	Jim	Cousins	Labour	
Newcastle upon Tyne East & Wallsend	Nick	Brown	Labour	
Newcastle upon Tyne North	Doug	Henderson	Labour	http://www.epolitix.com/webminster/doug-henderson
Newcastle-under-Lyme	Paul	Farrelly	Labour	
Newport East	Alan	Howarth	Labour	
Newport West	Paul	Flynn	Labour	http://www.paulflynnmp.co.uk
Newry & Armagh	Seamus	Mallon	SDLP	
Normanton	Bill	O'Brien	Labour	
North Antrim	Ian	Paisley	DU	http://www.ianpaisley.org/
North Cornwall	Paul	Tyler	LD	http://www.paultyler.libdems.org
North Devon	Nick	Harvey	LD	http://www.nickharveymp.com
North Dorset	Robert	Walter	Con	http://www.bobwalter.org
North Down	Sylvia	Hermon	UU	http://www.sylviahermon.co.uk
North Durham	Kevan	Jones	Labour	http://www.kevanjonesmp.org.uk
North East Bedfordshire	Alistair	Burt	Con	http://www.alistair-burt.co.uk
North East Cambridgeshire	Malcolm	Moss	Con	http://www.malcmoss.easynet.co.uk
North East Derbyshire	Harry	Barnes	Labour	http://www.harrybarnes.org.uk
North East Fife	Menzies	Campbell	LD	http://www.scotlibdems.org.uk
North East Hampshire	James	Arbuthnot	Con	http://www.epolitix.com/webminster/james-arbuthnot
North East Hertfordshire	Oliver	Heald	Con	http://www.oliverhealdmp.com
North East Milton Keynes	Brian	White	Labour	http://www.brianwhite.org.uk
North Essex	Bernard	Jenkin	Con	http://www.political.co.uk/bernardjenkin/
North Norfolk	Norman	Lamb	LD	http://www.normanlamb.org
North Shropshire	Owen	Paterson	Con	http://www.owenpaterson.org.uk/
North Southwark & Bermondsey	Simon	Hughes	LD	http://www.simonhughesmp.org.uk
North Swindon	Michael	Wills	Labour	http://www.michael-wills-mp.co.uk
North Tayside	Pete	Wishart	SNP	
North Thanet	Roger	Gale	Con	http://www.rogergale.co.uk
North Tyneside	Stephen	Byers	Labour	http://www.epolitix.com/webminster/stephen-byers
North Warwickshire	Mike	O'Brien	Labour	http://www.mikeobrien.org.uk
North West Cambridgeshire	Brian	Mawhinney	Con	
North West Durham	Hilary	Armstrong	Labour	http://www.hilaryarmstrong.com
North West Hampshire	George	Young	Con	http://www.sirgeorgeyoung.org.uk
North West Leicestershire	David	Taylor	Labour	
North West Norfolk	Henry	Bellingham	Con	
North Wiltshire	James	Gray	Con	http://www.jamesgray.org
Northampton North	Sally	Keeble	Labour	
Northampton South	Tony	Clarke	Labour	http://www.tonyclarke.labour.co.uk/
Northavon	Steve	Webb	LD	http://www.stevewebb.org.uk
Norwich North	Ian	Gibson	Labour	http://www.norwich-labour-mps.org.uk/
Norwich South	Charles	Clarke	Labour	http://www.norwich-labour-mps.org.uk
Nottingham East	John	Heppell	Labour	http://www.johnheppell.labour.co.uk
Nottingham North	Graham	Allen	Labour	http://www.grahamallen.labour.co.uk
Nottingham South	Alan	Simpson	Labour	http://www.alansimpsonmp.co.uk
Nuneaton	Bill	Olner	Labour	
Ochil	Martin	O'Neill	Labour	
Ogmore	Huw	Irranca-Davies	Labour	http://www.huwirranca-davies.org.uk
Old Bexley & Sidcup	Derek	Conway	Con	
Oldham East & Saddleworth	Phil	Woolas	Labour	
Oldham West & Royton	Michael	Meacher	Labour	http://www.epolitix.com/webminster/michael-meacher
Orkney & Shetland	Alistair	Carmichael	LD	http://www.scotlibdems.org.uk
Orpington	John	Horam	Con	http://www.epolitix.com/webminster/john-horam
Oxford East	Andrew	Smith	Labour	http://www.andrewsmithmp.org.uk
Oxford West & Abingdon	Evan	Harris	LD	http://www.oxwablibdems.org.uk/
Paisley North	Irene	Adams	Labour	
Paisley South	Douglas	Alexander	Labour	http://www.douglasalexander.labour.co.uk
Pendle	Gordon	Prentice	Labour	http://www.gordonprenticemp.com
Penrith & The Border	David	Maclean	Con	
Perth	Annabelle	Ewing	SNP	http://www.annabelleewing.org/
Peterborough	Helen	Clark	Labour	http://www.epolitix.com/webminster/Helen-Clark
Plymouth, Devonport	David	Jamieson	Labour	http://www.davidjamieson.co.uk
Plymouth, Sutton	Linda	Gilroy	Labour	http://www.lindagilroy.org.uk/
Pontefract & Castleford	Yvette	Cooper	Labour	http://www.yvettecooper.com
Pontypridd	Kim	Howells	Labour	
Poole	Robert	Syms	Con	http://www.robertsymsmp.com/
Poplar & Canning Town	Jim	Fitzpatrick	Labour	http://www.jimfitzpatrickmp.co.uk
Portsmouth North	Syd	Rapson	Labour	
Portsmouth South	Mike	Hancock	LD	http://www.mikehancock.co.uk
Preseli Pembrokeshire	Jackie	Lawrence	Labour	
Preston	Mark	Hendrick	Labour	http://www.prestonmp.co.uk
Pudsey	Paul	Truswell	Labour	
Putney	Tony	Colman	Labour	http://www.tonycolman.org.uk
Rayleigh	Mark	Francois	Con	http://www.rayleighconservatives.org.uk
Reading East	Jane	Griffiths	Labour	http://www.janestheone.com
Reading West	Martin	Salter	Labour	http://www.martinsalter.com
Redcar	Vera	Baird	Labour	http://www.epolitix.com/webminster/vera-baird
Redditch	Jacqui	Smith	Labour	http://www.jacquismithmp.labour.co.uk
Regent's Park & Kensington North	Karen	Buck	Labour	http://www.karenbuck.org.uk
Reigate	Crispin	Blunt	Con	http://www.reigateconservatives.co.uk
Rhondda	Chris	Bryant	Labour	http://www.chrisbryantmp.co.uk
Ribble Valley	Nigel	Evans	Con	http://www.nigelmp.com
Richmond (Yorks)	William	Hague	Con	
Richmond Park	Jenny	Tonge	LD	http://www.jennytonge.org.uk
Rochdale	Lorna	Fitzsimons	Labour	
Rochford & Southend East	Teddy	Taylor	Con	
Romford	Andrew	Rosindell	Con	http://www.andrew.rosindell.com
Romsey	Sandra	Gidley	LD	http://www.sandragidley.org
Ross, Skye & Inverness West	Charles	Kennedy	LD	http://www.charleskennedy.org.uk/
Rossendale & Darwen	Janet	Anderson	Labour	http://www.epolitix.com/webminster/janet-anderson
Rother Valley	Kevin	Barron	Labour	http://www.rothervalley.org.uk
Rotherham	Denis	MacShane	Labour	
Roxburgh & Berwickshire	Archy	Kirkwood	LD	http://www.archykirkwood.co.uk
Rugby & Kenilworth	Andy	King	Labour	http://www.andyking.org
Ruislip - Northwood	John	Wilkinson	Con	
Runnymede & Weybridge	Philip	Hammond	Con	http://www.runweytories.org.uk/
Rushcliffe	Kenneth	Clarke	Con	http://www.kennethclarke.net
Rutland & Melton	Alan	Duncan	Con	http://www.alanduncan.org.uk
Ryedale	John	Greenway	Con	
Saffron Walden	Alan	Haselhurst	CWM	http://www.siralanhaselhurst.net
Salford	Hazel	Blears	Labour	http://www.hazelblears.labour.co.uk
Salisbury	Robert	Key	Con	http://www.robertkey.com
Scarborough & Whitby	Lawrie	Quinn	Labour	http://www.lawrie-quinn.org.uk
Scunthorpe	Elliot	Morley	Labour	http://www.epolitix.com/webminster/elliot-morley
Sedgefield	Tony	Blair	Labour	
Selby	John	Grogan	Labour	http://www.johngrogan.co.uk
Sevenoaks	Michael	Fallon	Con	http://www.epolitix.com/webminster/michael-fallon
Sheffield Central	Richard	Caborn	Labour	
Sheffield, Attercliffe	Clive	Betts	Labour	http://www.clivebetts.labour.co.uk/
Sheffield, Brightside	David	Blunkett	Labour	
Sheffield, Hallam	Richard	Allan	LD	http://www.sheffieldhallam.co.uk
Sheffield, Heeley	Meg	Munn	Labour	http://www.megmunnmp.org.uk/
Sheffield, Hillsborough	Helen	Jackson	Labour	
Sherwood	Paddy	Tipping	Labour	http://www.epolitix.com/webminster/paddy-tipping
Shipley	Christopher	Leslie	Labour	http://www.chrisleslie.com
Shrewsbury & Atcham	Paul	Marsden	LD	http://www.paulmarsdenmp.com
Sittingbourne & Sheppey	Derek	Wyatt	Labour	http://www.derekwyattmp.co.uk
Skipton & Ripon	David	Curry	Con	http://www.davidcurry.co.uk
Sleaford & North Hykeham	Douglas	Hogg	Con	http://www.sleaford-conservatives.co.uk
Slough	Fiona	Mactaggart	Labour	http://www.fionamactaggart.labour.co.uk/
Solihull	John	Taylor	Con	
Somerton & Frome	David	Heath	LD	http://www.davidheath.co.uk
South Antrim	David	Burnside	Ind U	
South Cambridgeshire	Andrew	Lansley	Con	http://www.andrewlansley.co.uk
South Derbyshire	Mark	Todd	Labour	http://www.marktodd.org.uk
South Dorset	Jim	Knight	Labour	http://www.jimknightmp.com
South Down	Eddie	McGrady	SDLP	http://www.eddiemcgrady.com
South East Cambridgeshire	James	Paice	Con	http://www.jimpaice.com
South East Cornwall	Colin	Breed	LD	http://www.colinbreed.org.uk
South Holland & The Deepings	John	Hayes	Con	
South Norfolk	Richard	Bacon	Con	http://www.richardbacon.org.uk/
South Ribble	David	Borrow	Labour	http://www.epolitix.com/webminster/david-borrow
South Shields	David	Miliband	Labour	http://www.davidmiliband.org.uk
South Staffordshire	Patrick	Cormack	Con	http://www.epolitix.com/webminster/patrick-cormack
South Suffolk	Tim	Yeo	Con	http://www.timyeo.org.uk
South Swindon	Julia	Drown	Labour	http://www.epolitix.com/webminster/julia-drown
South Thanet	Stephen	Ladyman	Labour	http://www.souththanetlp.freeserve.co.uk
South West Bedfordshire	Andrew	Selous	Con	http://www.andrewselous.org.uk
South West Devon	Gary	Streeter	Con	http://www.garystreeter.co.uk/
South West Hertfordshire	Richard	Page	Con	http://www.hertsswconservatives.com
South West Norfolk	Gillian	Shephard	Con	
South West Surrey	Virginia	Bottomley	Con	http://www.epolitix.com/webminster/virginia-bottomley
Southampton, Itchen	John	Denham	Labour	http://www.johndenham.labour.co.uk
Southampton, Test	Alan	Whitehead	Labour	http://www.alan-whitehead.org.uk
Southend West	David	Amess	Con	http://www.epolitix.com/webminster/david-amess
Southport	John	Pugh	LD	http://www.southportlibdems.com
Spelthorne	David	Wilshire	Con	
St Albans	Kerry	Pollard	Labour	http://www.kerrypollardmp.co.uk
St Helens North	Dave	Watts	Labour	http://members.aol.com/sthelenslabour/dave
St Helens South	Shaun	Woodward	Labour	http://www.shaunwoodward.com
St Ives	Andrew	George	LD	http://www.andrewgeorge.org.uk
Stafford	David	Kidney	Labour	http://www.davidkidney.labour.co.uk
Staffordshire Moorlands	Charlotte	Atkins	Labour	
Stalybridge & Hyde	James	Purnell	Labour	http://www.jamespurnell.org.uk
Stevenage	Barbara	Follett	Labour	http://www.barbara-follett.org.uk
Stirling	Anne	McGuire	Labour	http://www.annemcguireMP.org.uk
Stockport	Ann	Coffey	Labour	http://www.epolitix.com/webminster/ann-coffey
Stockton North	Frank	Cook	Labour	
Stockton South	Dari	Taylor	Labour	http://www.daritaylormp.co.uk
Stoke-on-Trent Central	Mark	Fisher	Labour	
Stoke-on-Trent North	Joan	Walley	Labour	http://www.joanwalleymp.org.uk
Stoke-on-Trent South	George	Stevenson	Labour	
Stone	William	Cash	Con	
Stourbridge	Debra	Shipley	Labour	http://www.epolitix.com/webminster/debra-shipley
Strangford	Iris	Robinson	DU	
Stratford-on-Avon	John	Maples	Con	http://www.johnmaplesmp.com
Strathkelvin & Bearsden	John	Lyons	Labour	http://www.johnlyons-mp.com
Streatham	Keith	Hill	Labour	
Stretford & Urmston	Beverley	Hughes	Labour	http://www.epolitix.com/webminster/beverley-hughes
Stroud	David	Drew	Labour	http://www.daviddrew.ik.org
Suffolk Coastal	John	Gummer	Con	http://www.johngummer.org.uk
Sunderland North	Bill	Etherington	Labour	
Sunderland South	Chris	Mullin	Labour	http://www.epolitix.com/webminster/chris-mullin
Surrey Heath	Nick	Hawkins	Con	http://www.nickhawkinsmp.org
Sutton & Cheam	Paul	Burstow	LD	http://www.paulburstow.com
Sutton Coldfield	Andrew	Mitchell	Con	http://www.andrew-mitchell-mp.co.uk/
Swansea East	Donald	Anderson	Labour	
Swansea West	Alan	Williams	Labour	
Tamworth	Brian	Jenkins	Labour	http://www.epolitix.com/webminster/brian-jenkins
Tatton	George	Osborne	Con	http://www.georgeosborne.co.uk
Taunton	Adrian	Flook	Con	http://www.tauntontories.org.uk
Teignbridge	Richard	Younger-Ross	LD	
Telford	David	Wright	Labour	http://www.telfordlabourparty.org.uk
Tewkesbury	Laurence	Robertson	Con	http://www.laurencerobertson.org.uk
Thurrock	Andrew	Mackinlay	Labour	http://www.andrewmackinlay.co.uk/
Tiverton & Honiton	Angela	Browning	Con	http://www.epolitix.com/webminster/angela-browning
Tonbridge & Malling	John	Stanley	Con	http://www.tcconservatives.com
Tooting	Tom	Cox	Labour	
Torbay	Adrian	Sanders	LD	http://www.adriansanders.org/
Torfaen	Paul	Murphy	Labour	http://www.epolitix.com/webminster/paul-murphy
Torridge & West Devon	John	Burnett	LD	http://www.epolitix.com/webminster/john-burnett
Totnes	Anthony	Steen	Con	http://www.anthonysteenmp.co.uk
Tottenham	David	Lammy	Labour	http://www.davidlammy.co.uk
Truro & St Austell	Matthew	Taylor	LD	http://www.matthewtaylor.info
Tunbridge Wells	Archie	Norman	Con	
Tweeddale, Ettrick & Lauderdale	Michael	Moore	LD	http://www.michaelmoore.org.uk
Twickenham	Vincent	Cable	LD	http://www.vincentcable.com
Tyne Bridge	David	Clelland	Labour	http://www.david-clelland.org.uk
Tynemouth	Alan	Campbell	Labour	http://www.alancampbellmp.co.uk
Upminster	Angela	Watkinson	Con	http://www.angelawatkinsonmp.com
Upper Bann	David	Trimble	UU	
Uxbridge	John	Randall	Con	http://www.johnrandallmp.com
Vale of Clwyd	Chris	Ruane	Labour	
Vale of Glamorgan	John	Smith	Labour	
Vale of York	Anne	McIntosh	Con	http://www.epolitix.com/webminster/anne-mcintosh
Vauxhall	Kate	Hoey	Labour	
Wakefield	David	Hinchliffe	Labour	
Wallasey	Angela	Eagle	Labour	http://www.angelaeaglemp.co.uk
Walsall North	David	Winnick	Labour	http://www.epolitix.com/webminster/david-winnick
Walsall South	Bruce	George	Labour	http://www.epolitix.com/EN/MPWebsites/Bruce+George/
Walthamstow	Neil	Gerrard	Labour	http://www.neilgerrard.co.uk
Wansbeck	Denis	Murphy	Labour	
Wansdyke	Dan	Norris	Labour	http://freespace.virgin.net/norris.wansdyke/index.htm
Wantage	Robert	Jackson	Con	http://www.wantageconservatives.com
Warley	John	Spellar	Labour	http://www.johnspellar.labour.co.uk
Warrington North	Helen	Jones	Labour	
Warrington South	Helen	Southworth	Labour	
Warwick & Leamington	James	Plaskitt	Labour	http://www.jamesplaskitt.com
Watford	Claire	Ward	Labour	http://www.watford.labour.co.uk/
Waveney	Bob	Blizzard	Labour	http://www.bobblizzardmp.co.uk/
Wealden	Charles	Hendry	Con	http://www.charleshendry.com
Weaver Vale	Mike	Hall	Labour	http://www.epolitix.com/webminster/mike-hall
Wellingborough	Paul	Stinchcombe	Labour	
Wells	David	Heathcoat-Amory	Con	http://www.davidheathcoatamory.org.uk/
Welwyn Hatfield	Melanie	Johnson	Labour	http://www.melaniejohnson.co.uk
Wentworth	John	Healey	Labour	http://www.johnhealeymp.co.uk
West Aberdeenshire & Kincardine	Robert	Smith	LD	http://www.epolitix.com/webminster/robert-smith
West Bromwich East	Tom	Watson	Labour	http://www.tom-watson.co.uk
West Bromwich West	Adrian	Bailey	Labour	http://www.adrianbaileymp.org.uk
West Chelmsford	Simon	Burns	Con	http://www.epolitix.com/EN/MPWebsites/Simon+Burns/home.htm
West Derbyshire	Patrick	McLoughlin	Con	http://www.epolitix.com/webminster/patrick-mcloughlin
West Dorset	Oliver	Letwin	Con	http://www.oliverletwin.info
West Ham	Tony	Banks	Labour	
West Lancashire	Colin	Pickthall	Labour	http://www.colinpickthall.labour.co.uk
West Renfrewshire	Jim	Sheridan	Labour	http://www.james-sheridan-mp.org.uk/
West Suffolk	Richard	Spring	Con	http://www.richardspringmp.com
West Tyrone	Pat	Doherty	SF	
West Worcestershire	Michael	Spicer	Con	http://www.sirmichaelspicer.net
Westbury	Andrew	Murrison	Con	http://www.andrewmurrison.co.uk
Western Isles	Calum	MacDonald	Labour	http://www.calummacdonald.co.uk
Westmorland & Lonsdale	Tim	Collins	Con	http://www.timcollins.co.uk
Weston-Super-Mare	Brian	Cotter	LD	http://www.briancotter.org/
Wigan	Neil	Turner	Labour	
Wimbledon	Roger	Casale	Labour	http://www.rogercasale.labour.co.uk
Winchester	Mark	Oaten	LD	http://www.markoaten.com
Windsor	Michael	Trend	Con	
Wirral South	Ben	Chapman	Labour	http://www.ben-chapman.org
Wirral West	Stephen	Hesford	Labour	http://www.stephenhesfordmp.labour.co.uk
Witney	David	Cameron	Con	http://www.davidcameronmp.com/
Woking	Humfrey	Malins	Con	
Wokingham	John	Redwood	Con	http://www.johnredwood.com/
Wolverhampton North East	Ken	Purchase	Labour	http://www.kenpurchase.co.uk/
Wolverhampton South East	Dennis	Turner	Labour	
Wolverhampton South West	Rob	Marris	Labour	http://www.robmarris.labour.co.uk/
Woodspring	Liam	Fox	Con	
Worcester	Michael	Foster	Labour	http://www.michaelfoster.co.uk
Workington	Tony	Cunningham	Labour	http://www.tonycunninghammp.org.uk/
Worsley	Terry	Lewis	Labour	
Worthing West	Peter	Bottomley	Con	http://www.peterbottomley.org.uk/
Wrekin, The	Peter	Bradley	Labour	http://www.peterbradley.org.uk/
Wrexham	Ian	Lucas	Labour	http://www.ianlucas.co.uk
Wycombe	Paul	Goodman	Con	http://www.wycombeconservatives.org
Wyre Forest	Richard	Taylor	Ind	http://www.healthconcern.org.uk
Wythenshawe & Sale East	Paul	Goggins	Labour	http://www.paulgoggins.labour.co.uk
Yeovil	David	Laws	LD	http://www.davidlaws.org.uk
Ynys M&ocirc;n	Albert	Owen	Labour	http://www.albertowen.labour.co.uk
York, City of	Hugh	Bayley	Labour	http://www.hughbayley.labour.co.uk
